Workbook

Sheet Customer Data
A1: Customer ID | B1: Age | C1: Region | D1: Contract Type | E1: Monthly Spend | F1: Tenure Months | G1: Support Tickets | H1: Churn
A2: C001 | B2: 24 | C2: Gauteng | D2: Monthly | E2: 450 | F2: 6 | G2: 4 | H2: Yes
A3: C002 | B3: 31 | C3: Mpumalanga | D3: Annual | E3: 850 | F3: 24 | G3: 1 | H3: No
A4: C003 | B4: 45 | C4: Limpopo | D4: Monthly | E4: 650 | F4: 12 | G4: 3 | H4: No
A5: C004 | B5: 29 | C5: Gauteng | D5: Monthly | E5: 550 | F5: 8 | G5: 5 | H5: Yes
A6: C005 | B6: 52 | C6: North West | D6: Annual | E6: 950 | F6: 36 | G6: 1 | H6: No
A7: C006 | B7: 38 | C7: Mpumalanga | D7: Monthly | E7: 700 | F7: 18 | G7: 2 | H7: No
A8: C007 | B8: 26 | C8: Gauteng | D8: Monthly | E8: 400 | F8: 5 | G8: 6 | H8: Yes
A9: C008 | B9: 41 | C9: Limpopo | D9: Annual | E9: 900 | F9: 30 | G9: 1 | H9: No
A10: C009 | B10: 34 | C10: North West | D10: Monthly | E10: 600 | F10: 10 | G10: 4 | H10: Yes
A11: C010 | B11: 47 | C11: Gauteng | D11: Annual | E11: 1100 | F11: 48 | G11: 0 | H11: No
A12: C011 | B12: 22 | C12: Mpumalanga | D12: Monthly | E12: 350 | F12: 4 | G12: 7 | H12: Yes
A13: C012 | B13: 36 | C13: Gauteng | D13: Annual | E13: 800 | F13: 20 | G13: 2 | H13: No
... A31: C030 | B31: 44 | C31: Gauteng | D31: Annual | E31: 990 | F31: 38 | G31: 1 | H31: No

Sheet Customer Churn Analysis
A1: Customer Churn Analysis
A3: Total Customers | B3: =COUNTA('Customer Data'!A2:A31) -> 30
A4: Churned Customers | B4: =COUNTIF('Customer Data'!H2:H31,"Yes") -> 12
A5: Churn Rate | B5: =B4/B3 -> 0.4
A6: Average Monthly Spend | B6: =AVERAGE('Customer Data'!E2:E31) -> 716.33333
A7: Average Tenure | B7: =AVERAGE('Customer Data'!F2:F31) -> 20.1
A10: Churn by Contract Type
A12: Contract Type | B12: Total Customers | C12: Churned Customers
A13: Monthly | B13: =COUNTIF('Customer Data'!D$2:D$31,A13) -> 18 | C13: =COUNTIFS('Customer Data'!D$2:D$31,A13,'Customer Data'!H$2:H$31,"Yes") -> 12
A14: Annual | B14: =COUNTIF('Customer Data'!D$2:D$31,A14) -> 12 | C14: =COUNTIFS('Customer Data'!D$2:D$31,A14,'Customer Data'!H$2:H$31,"Yes") -> 0
A17: Churn by Region
A19: Region | B19: Total Customers | C19: Churned Customers
A20: Gauteng | B20: =COUNTIF('Customer Data'!C$2:C$31,A20) -> 12 | C20: =COUNTIFS('Customer Data'!C$2:C$31,A20,'Customer Data'!H$2:H$31,"Yes") -> 4
A21: Mpumalanga | B21: =COUNTIF('Customer Data'!C$2:C$31,A21) -> 6 | C21: =COUNTIFS('Customer Data'!C$2:C$31,A21,'Customer Data'!H$2:H$31,"Yes") -> 3
A22: Limpopo | B22: =COUNTIF('Customer Data'!C$2:C$31,A22) -> 6 | C22: =COUNTIFS('Customer Data'!C$2:C$31,A22,'Customer Data'!H$2:H$31,"Yes") -> 1
A23: North West | B23: =COUNTIF('Customer Data'!C$2:C$31,A23) -> 6 | C23: =COUNTIFS('Customer Data'!C$2:C$31,A23,'Customer Data'!H$2:H$31,"Yes") -> 4
A27: Churn by Support Tickets
A29: Support Tickets | B29: Customers | C29: Churned Customers
A30: 0 | B30: =COUNTIF('Customer Data'!G$2:G$31,A30) -> 2 | C30: =COUNTIFS('Customer Data'!G$2:G$31,A30,'Customer Data'!H$2:H$31,"Yes") -> 0
A31: 1 | B31: =COUNTIF('Customer Data'!G$2:G$31,A31) -> 8 | C31: =COUNTIFS('Customer Data'!G$2:G$31,A31,'Customer Data'!H$2:H$31,"Yes") -> 0
A32: 2 | B32: =COUNTIF('Customer Data'!G$2:G$31,A32) -> 4 | C32: =COUNTIFS('Customer Data'!G$2:G$31,A32,'Customer Data'!H$2:H$31,"Yes") -> 0
A33: 3 | B33: =COUNTIF('Customer Data'!G$2:G$31,A33) -> 4 | C33: =COUNTIFS('Customer Data'!G$2:G$31,A33,'Customer Data'!H$2:H$31,"Yes") -> 0
A34: 4 | B34: =COUNTIF('Customer Data'!G$2:G$31,A34) -> 3 | C34: =COUNTIFS('Customer Data'!G$2:G$31,A34,'Customer Data'!H$2:H$31,"Yes") -> 3
A35: 5 | B35: =COUNTIF('Customer Data'!G$2:G$31,A35) -> 4 | C35: =COUNTIFS('Customer Data'!G$2:G$31,A35,'Customer Data'!H$2:H$31,"Yes") -> 4
A36: 6 | B36: =COUNTIF('Customer Data'!G$2:G$31,A36) -> 3 | C36: =COUNTIFS('Customer Data'!G$2:G$31,A36,'Customer Data'!H$2:H$31,"Yes") -> 3
A37: 7 | B37: =COUNTIF('Customer Data'!G$2:G$31,A37) -> 1 | C37: =COUNTIFS('Customer Data'!G$2:G$31,A37,'Customer Data'!H$2:H$31,"Yes") -> 1
A38: 8 | B38: =COUNTIF('Customer Data'!G$2:G$31,A38) -> 1 | C38: =COUNTIFS('Customer Data'!G$2:G$31,A38,'Customer Data'!H$2:H$31,"Yes") -> 1
